{"__meta":{"schema_version":3,"schema_name":"XGBoostModelV3","schema_type":"XGBoostModel"},"model_id":{"__meta":{"schema_version":3,"schema_name":"ModelKeyV3","schema_type":"Key<Model>"},"name":"XGBoost_3_AutoML_20201117_112500","type":"Key<Model>","URL":"/3/Models/XGBoost_3_AutoML_20201117_112500"},"algo":"xgboost","algo_full_name":"XGBoost","response_column_name":"electric_power","data_frame":{"__meta":{"schema_version":3,"schema_name":"FrameKeyV3","schema_type":"Key<Frame>"},"name":"automl_training_py_3_sid_ba8c","type":"Key<Frame>","URL":"/3/Frames/automl_training_py_3_sid_ba8c"},"timestamp":1605608714187,"have_pojo":true,"have_mojo":true,"algo":"xgboost","algo_full_name":"XGBoost","model_id":{"__meta":{"schema_version":3,"schema_name":"ModelKeyV3","schema_type":"Key<Model>"},"name":"XGBoost_3_AutoML_20201117_112500","type":"Key<Model>","URL":"/3/Models/XGBoost_3_AutoML_20201117_112500"},"parameters":[{"__meta":{"schema_version":3,"schema_name":"ModelParameterSchemaV3","schema_type":"Iced"},"name":"model_id","label":"model_id","help":"Destination id for this model; auto-generated if not specified.","required":false,"type":"Key<Model>","default_value":null,"actual_value":{"__meta":{"schema_version":3,"schema_name":"ModelKeyV3","schema_type":"Key<Model>"},"name":"XGBoost_3_AutoML_20201117_112500","type":"Key<Model>","URL":"/3/Models/XGBoost_3_AutoML_20201117_112500"},"level":"critical","values":[],"is_member_of_frames":[],"is_mutually_exclusive_with":[],"gridable":false},{"__meta":{"schema_version":3,"schema_name":"ModelParameterSchemaV3","schema_type":"Iced"},"name":"training_frame","label":"training_frame","help":"Id of the training data frame.","required":false,"type":"Key<Frame>","default_value":null,"actual_value":{"__meta":{"schema_version":3,"schema_name":"FrameKeyV3","schema_type":"Key<Frame>"},"name":"automl_training_py_3_sid_ba8c","type":"Key<Frame>","URL":"/3/Frames/automl_training_py_3_sid_ba8c"},"level":"critical","values":[],"is_member_of_frames":[],"is_mutually_exclusive_with":[],"gridable":false},{"__meta":{"schema_version":3,"schema_name":"ModelParameterSchemaV3","schema_type":"Iced"},"name":"validation_frame","label":"validation_frame","help":"Id of the validation data frame.","required":false,"type":"Key<Frame>","default_value":null,"actual_value":null,"level":"critical","values":[],"is_member_of_frames":[],"is_mutually_exclusive_with":[],"gridable":true},{"__meta":{"schema_version":3,"schema_name":"ModelParameterSchemaV3","schema_type":"Iced"},"name":"nfolds","label":"nfolds","help":"Number of folds for K-fold cross-validation (0 to disable or >= 2).","required":false,"type":"int","default_value":0,"actual_value":5,"level":"critical","values":[],"is_member_of_frames":[],"is_mutually_exclusive_with":[],"gridable":false},{"__meta":{"schema_version":3,"schema_name":"ModelParameterSchemaV3","schema_type":"Iced"},"name":"keep_cross_validation_models","label":"keep_cross_validation_models","help":"Whether to keep the cross-validation models.","required":false,"type":"boolean","default_value":true,"actual_value":false,"level":"expert","values":[],"is_member_of_frames":[],"is_mutually_exclusive_with":[],"gridable":false},{"__meta":{"schema_version":3,"schema_name":"ModelParameterSchemaV3","schema_type":"Iced"},"name":"keep_cross_validation_predictions","label":"keep_cross_validation_predictions","help":"Whether to keep the predictions of the cross-validation models.","required":false,"type":"boolean","default_value":false,"actual_value":true,"level":"expert","values":[],"is_member_of_frames":[],"is_mutually_exclusive_with":[],"gridable":false},{"__meta":{"schema_version":3,"schema_name":"ModelParameterSchemaV3","schema_type":"Iced"},"name":"keep_cross_validation_fold_assignment","label":"keep_cross_validation_fold_assignment","help":"Whether to keep the cross-validation fold assignment.","required":false,"type":"boolean","default_value":false,"actual_value":false,"level":"expert","values":[],"is_member_of_frames":[],"is_mutually_exclusive_with":[],"gridable":false},{"__meta":{"schema_version":3,"schema_name":"ModelParameterSchemaV3","schema_type":"Iced"},"name":"score_each_iteration","label":"score_each_iteration","help":"Whether to score during each iteration of model training.","required":false,"type":"boolean","default_value":false,"actual_value":false,"level":"secondary","values":[],"is_member_of_frames":[],"is_mutually_exclusive_with":[],"gridable":false},{"__meta":{"schema_version":3,"schema_name":"ModelParameterSchemaV3","schema_type":"Iced"},"name":"fold_assignment","label":"fold_assignment","help":"Cross-validation fold assignment scheme, if fold_column is not specified. The 'Stratified' option will stratify the folds based on the response variable, for classification problems.","required":false,"type":"enum","default_value":"AUTO","actual_value":"Modulo","level":"secondary","values":["AUTO","Random","Modulo","Stratified"],"is_member_of_frames":[],"is_mutually_exclusive_with":[],"gridable":true},{"__meta":{"schema_version":3,"schema_name":"ModelParameterSchemaV3","schema_type":"Iced"},"name":"fold_column","label":"fold_column","help":"Column with cross-validation fold index assignment per observation.","required":false,"type":"VecSpecifier","default_value":null,"actual_value":null,"level":"secondary","values":[],"is_member_of_frames":["training_frame"],"is_mutually_exclusive_with":["response_column","weights_column","ignored_columns","offset_column"],"gridable":true},{"__meta":{"schema_version":3,"schema_name":"ModelParameterSchemaV3","schema_type":"Iced"},"name":"response_column","label":"response_column","help":"Response variable column.","required":false,"type":"VecSpecifier","default_value":null,"actual_value":{"__meta":{"schema_version":3,"schema_name":"ColSpecifierV3","schema_type":"VecSpecifier"},"column_name":"electric_power","is_member_of_frames":null},"level":"critical","values":[],"is_member_of_frames":["training_frame","validation_frame"],"is_mutually_exclusive_with":["weights_column","ignored_columns","offset_column","fold_column"],"gridable":true},{"__meta":{"schema_version":3,"schema_name":"ModelParameterSchemaV3","schema_type":"Iced"},"name":"ignored_columns","label":"ignored_columns","help":"Names of columns to ignore for training.","required":false,"type":"string[]","default_value":null,"actual_value":null,"level":"critical","values":[],"is_member_of_frames":["training_frame","validation_frame"],"is_mutually_exclusive_with":["response_column","weights_column","offset_column","fold_column"],"gridable":false},{"__meta":{"schema_version":3,"schema_name":"ModelParameterSchemaV3","schema_type":"Iced"},"name":"ignore_const_cols","label":"ignore_const_cols","help":"Ignore constant columns.","required":false,"type":"boolean","default_value":true,"actual_value":true,"level":"critical","values":[],"is_member_of_frames":[],"is_mutually_exclusive_with":[],"gridable":false},{"__meta":{"schema_version":3,"schema_name":"ModelParameterSchemaV3","schema_type":"Iced"},"name":"offset_column","label":"offset_column","help":"Offset column. This will be added to the combination of columns before applying the link function.","required":false,"type":"VecSpecifier","default_value":null,"actual_value":null,"level":"secondary","values":[],"is_member_of_frames":["training_frame","validation_frame"],"is_mutually_exclusive_with":["response_column","weights_column","ignored_columns","fold_column"],"gridable":true},{"__meta":{"schema_version":3,"schema_name":"ModelParameterSchemaV3","schema_type":"Iced"},"name":"weights_column","label":"weights_column","help":"Column with observation weights. Giving some observation a weight of zero is equivalent to excluding it from the dataset; giving an observation a relative weight of 2 is equivalent to repeating that row twice. Negative weights are not allowed. Note: Weights are per-row observation weights and do not increase the size of the data frame. This is typically the number of times a row is repeated, but non-integer values are supported as well. During training, rows with higher weights matter more, due to the larger loss function pre-factor.","required":false,"type":"VecSpecifier","default_value":null,"actual_value":null,"level":"secondary","values":[],"is_member_of_frames":["training_frame","validation_frame"],"is_mutually_exclusive_with":["response_column","ignored_columns","offset_column","fold_column"],"gridable":true},{"__meta":{"schema_version":3,"schema_name":"ModelParameterSchemaV3","schema_type":"Iced"},"name":"stopping_rounds","label":"stopping_rounds","help":"Early stopping based on convergence of stopping_metric. Stop if simple moving average of length k of the stopping_metric does not improve for k:=stopping_rounds scoring events (0 to disable)","required":false,"type":"int","default_value":0,"actual_value":0,"level":"secondary","values":[],"is_member_of_frames":[],"is_mutually_exclusive_with":[],"gridable":true},{"__meta":{"schema_version":3,"schema_name":"ModelParameterSchemaV3","schema_type":"Iced"},"name":"stopping_metric","label":"stopping_metric","help":"Metric to use for early stopping (AUTO: logloss for classification, deviance for regression and anonomaly_score for Isolation Forest). Note that custom and custom_increasing can only be used in GBM and DRF with the Python client.","required":false,"type":"enum","default_value":"AUTO","actual_value":"deviance","level":"secondary","values":["AUTO","deviance","logloss","MSE","RMSE","MAE","RMSLE","AUC","AUCPR","lift_top_group","misclassification","mean_per_class_error","anomaly_score","custom","custom_increasing"],"is_member_of_frames":[],"is_mutually_exclusive_with":[],"gridable":true},{"__meta":{"schema_version":3,"schema_name":"ModelParameterSchemaV3","schema_type":"Iced"},"name":"stopping_tolerance","label":"stopping_tolerance","help":"Relative tolerance for metric-based stopping criterion (stop if relative improvement is not at least this much)","required":false,"type":"double","default_value":0.001,"actual_value":0.018420861280135682,"level":"secondary","values":[],"is_member_of_frames":[],"is_mutually_exclusive_with":[],"gridable":true},{"__meta":{"schema_version":3,"schema_name":"ModelParameterSchemaV3","schema_type":"Iced"},"name":"max_runtime_secs","label":"max_runtime_secs","help":"Maximum allowed runtime in seconds for model training. Use 0 to disable.","required":false,"type":"double","default_value":0.0,"actual_value":0.0,"level":"secondary","values":[],"is_member_of_frames":[],"is_mutually_exclusive_with":[],"gridable":true},{"__meta":{"schema_version":3,"schema_name":"ModelParameterSchemaV3","schema_type":"Iced"},"name":"seed","label":"seed","help":"Seed for pseudo random number generator (if applicable)","required":false,"type":"long","default_value":-1,"actual_value":3,"level":"critical","values":[],"is_member_of_frames":[],"is_mutually_exclusive_with":[],"gridable":true},{"__meta":{"schema_version":3,"schema_name":"ModelParameterSchemaV3","schema_type":"Iced"},"name":"distribution","label":"distribution","help":"Distribution function","required":false,"type":"enum","default_value":"AUTO","actual_value":"AUTO","level":"secondary","values":["AUTO","bernoulli","quasibinomial","ordinal","multinomial","gaussian","poisson","gamma","tweedie","laplace","quantile","huber","custom"],"is_member_of_frames":[],"is_mutually_exclusive_with":[],"gridable":true},{"__meta":{"schema_version":3,"schema_name":"ModelParameterSchemaV3","schema_type":"Iced"},"name":"tweedie_power","label":"tweedie_power","help":"Tweedie power for Tweedie regression, must be between 1 and 2.","required":false,"type":"double","default_value":1.5,"actual_value":1.5,"level":"secondary","values":[],"is_member_of_frames":[],"is_mutually_exclusive_with":[],"gridable":true},{"__meta":{"schema_version":3,"schema_name":"ModelParameterSchemaV3","schema_type":"Iced"},"name":"categorical_encoding","label":"categorical_encoding","help":"Encoding scheme for categorical features","required":false,"type":"enum","default_value":"AUTO","actual_value":"AUTO","level":"secondary","values":["AUTO","Enum","OneHotInternal","OneHotExplicit","Binary","Eigen","LabelEncoder","SortByResponse","EnumLimited"],"is_member_of_frames":[],"is_mutually_exclusive_with":[],"gridable":true},{"__meta":{"schema_version":3,"schema_name":"ModelParameterSchemaV3","schema_type":"Iced"},"name":"quiet_mode","label":"quiet_mode","help":"Enable quiet mode","required":false,"type":"boolean","default_value":true,"actual_value":true,"level":"expert","values":[],"is_member_of_frames":[],"is_mutually_exclusive_with":[],"gridable":false},{"__meta":{"schema_version":3,"schema_name":"ModelParameterSchemaV3","schema_type":"Iced"},"name":"checkpoint","label":"checkpoint","help":"Model checkpoint to resume training with.","required":false,"type":"Key<Model>","default_value":null,"actual_value":null,"level":"secondary","values":[],"is_member_of_frames":[],"is_mutually_exclusive_with":[],"gridable":false},{"__meta":{"schema_version":3,"schema_name":"ModelParameterSchemaV3","schema_type":"Iced"},"name":"export_checkpoints_dir","label":"export_checkpoints_dir","help":"Automatically export generated models to this directory.","required":false,"type":"string","default_value":null,"actual_value":null,"level":"secondary","values":[],"is_member_of_frames":[],"is_mutually_exclusive_with":[],"gridable":false},{"__meta":{"schema_version":3,"schema_name":"ModelParameterSchemaV3","schema_type":"Iced"},"name":"ntrees","label":"ntrees","help":"(same as n_estimators) Number of trees.","required":false,"type":"int","default_value":50,"actual_value":7,"level":"critical","values":[],"is_member_of_frames":[],"is_mutually_exclusive_with":[],"gridable":true},{"__meta":{"schema_version":3,"schema_name":"ModelParameterSchemaV3","schema_type":"Iced"},"name":"max_depth","label":"max_depth","help":"Maximum tree depth.","required":false,"type":"int","default_value":6,"actual_value":5,"level":"critical","values":[],"is_member_of_frames":[],"is_mutually_exclusive_with":[],"gridable":true},{"__meta":{"schema_version":3,"schema_name":"ModelParameterSchemaV3","schema_type":"Iced"},"name":"min_rows","label":"min_rows","help":"(same as min_child_weight) Fewest allowed (weighted) observations in a leaf.","required":false,"type":"double","default_value":1.0,"actual_value":3.0,"level":"critical","values":[],"is_member_of_frames":[],"is_mutually_exclusive_with":[],"gridable":true},{"__meta":{"schema_version":3,"schema_name":"ModelParameterSchemaV3","schema_type":"Iced"},"name":"min_child_weight","label":"min_child_weight","help":"(same as min_rows) Fewest allowed (weighted) observations in a leaf.","required":false,"type":"double","default_value":1.0,"actual_value":3.0,"level":"critical","values":[],"is_member_of_frames":[],"is_mutually_exclusive_with":[],"gridable":true},{"__meta":{"schema_version":3,"schema_name":"ModelParameterSchemaV3","schema_type":"Iced"},"name":"learn_rate","label":"learn_rate","help":"(same as eta) Learning rate (from 0.0 to 1.0)","required":false,"type":"double","default_value":0.3,"actual_value":0.3,"level":"critical","values":[],"is_member_of_frames":[],"is_mutually_exclusive_with":[],"gridable":true},{"__meta":{"schema_version":3,"schema_name":"ModelParameterSchemaV3","schema_type":"Iced"},"name":"eta","label":"eta","help":"(same as learn_rate) Learning rate (from 0.0 to 1.0)","required":false,"type":"double","default_value":0.3,"actual_value":0.3,"level":"critical","values":[],"is_member_of_frames":[],"is_mutually_exclusive_with":[],"gridable":true},{"__meta":{"schema_version":3,"schema_name":"ModelParameterSchemaV3","schema_type":"Iced"},"name":"sample_rate","label":"sample_rate","help":"(same as subsample) Row sample rate per tree (from 0.0 to 1.0)","required":false,"type":"double","default_value":1.0,"actual_value":0.8,"level":"critical","values":[],"is_member_of_frames":[],"is_mutually_exclusive_with":[],"gridable":true},{"__meta":{"schema_version":3,"schema_name":"ModelParameterSchemaV3","schema_type":"Iced"},"name":"subsample","label":"subsample","help":"(same as sample_rate) Row sample rate per tree (from 0.0 to 1.0)","required":false,"type":"double","default_value":1.0,"actual_value":0.8,"level":"critical","values":[],"is_member_of_frames":[],"is_mutually_exclusive_with":[],"gridable":true},{"__meta":{"schema_version":3,"schema_name":"ModelParameterSchemaV3","schema_type":"Iced"},"name":"col_sample_rate","label":"col_sample_rate","help":"(same as colsample_bylevel) Column sample rate (from 0.0 to 1.0)","required":false,"type":"double","default_value":1.0,"actual_value":0.8,"level":"critical","values":[],"is_member_of_frames":[],"is_mutually_exclusive_with":[],"gridable":true},{"__meta":{"schema_version":3,"schema_name":"ModelParameterSchemaV3","schema_type":"Iced"},"name":"colsample_bylevel","label":"colsample_bylevel","help":"(same as col_sample_rate) Column sample rate (from 0.0 to 1.0)","required":false,"type":"double","default_value":1.0,"actual_value":0.8,"level":"critical","values":[],"is_member_of_frames":[],"is_mutually_exclusive_with":[],"gridable":true},{"__meta":{"schema_version":3,"schema_name":"ModelParameterSchemaV3","schema_type":"Iced"},"name":"col_sample_rate_per_tree","label":"col_sample_rate_per_tree","help":"(same as colsample_bytree) Column sample rate per tree (from 0.0 to 1.0)","required":false,"type":"double","default_value":1.0,"actual_value":0.8,"level":"secondary","values":[],"is_member_of_frames":[],"is_mutually_exclusive_with":[],"gridable":true},{"__meta":{"schema_version":3,"schema_name":"ModelParameterSchemaV3","schema_type":"Iced"},"name":"colsample_bytree","label":"colsample_bytree","help":"(same as col_sample_rate_per_tree) Column sample rate per tree (from 0.0 to 1.0)","required":false,"type":"double","default_value":1.0,"actual_value":0.8,"level":"secondary","values":[],"is_member_of_frames":[],"is_mutually_exclusive_with":[],"gridable":true},{"__meta":{"schema_version":3,"schema_name":"ModelParameterSchemaV3","schema_type":"Iced"},"name":"max_abs_leafnode_pred","label":"max_abs_leafnode_pred","help":"(same as max_delta_step) Maximum absolute value of a leaf node prediction","required":false,"type":"float","default_value":0.0,"actual_value":0.0,"level":"expert","values":[],"is_member_of_frames":[],"is_mutually_exclusive_with":[],"gridable":true},{"__meta":{"schema_version":3,"schema_name":"ModelParameterSchemaV3","schema_type":"Iced"},"name":"max_delta_step","label":"max_delta_step","help":"(same as max_abs_leafnode_pred) Maximum absolute value of a leaf node prediction","required":false,"type":"float","default_value":0.0,"actual_value":0.0,"level":"expert","values":[],"is_member_of_frames":[],"is_mutually_exclusive_with":[],"gridable":true},{"__meta":{"schema_version":3,"schema_name":"ModelParameterSchemaV3","schema_type":"Iced"},"name":"monotone_constraints","label":"monotone_constraints","help":"A mapping representing monotonic constraints. Use +1 to enforce an increasing constraint and -1 to specify a decreasing constraint.","required":false,"type":"KeyValue[]","default_value":null,"actual_value":null,"level":"secondary","values":[],"is_member_of_frames":[],"is_mutually_exclusive_with":[],"gridable":false},{"__meta":{"schema_version":3,"schema_name":"ModelParameterSchemaV3","schema_type":"Iced"},"name":"score_tree_interval","label":"score_tree_interval","help":"Score the model after every so many trees. Disabled if set to 0.","required":false,"type":"int","default_value":0,"actual_value":5,"level":"secondary","values":[],"is_member_of_frames":[],"is_mutually_exclusive_with":[],"gridable":false},{"__meta":{"schema_version":3,"schema_name":"ModelParameterSchemaV3","schema_type":"Iced"},"name":"min_split_improvement","label":"min_split_improvement","help":"(same as gamma) Minimum relative improvement in squared error reduction for a split to happen","required":false,"type":"float","default_value":0.0,"actual_value":0.0,"level":"secondary","values":[],"is_member_of_frames":[],"is_mutually_exclusive_with":[],"gridable":true},{"__meta":{"schema_version":3,"schema_name":"ModelParameterSchemaV3","schema_type":"Iced"},"name":"gamma","label":"gamma","help":"(same as min_split_improvement) Minimum relative improvement in squared error reduction for a split to happen","required":false,"type":"float","default_value":0.0,"actual_value":0.0,"level":"secondary","values":[],"is_member_of_frames":[],"is_mutually_exclusive_with":[],"gridable":true},{"__meta":{"schema_version":3,"schema_name":"ModelParameterSchemaV3","schema_type":"Iced"},"name":"nthread","label":"nthread","help":"Number of parallel threads that can be used to run XGBoost. Cannot exceed H2O cluster limits (-nthreads parameter). Defaults to maximum available","required":false,"type":"int","default_value":-1,"actual_value":-1,"level":"expert","values":[],"is_member_of_frames":[],"is_mutually_exclusive_with":[],"gridable":false},{"__meta":{"schema_version":3,"schema_name":"ModelParameterSchemaV3","schema_type":"Iced"},"name":"save_matrix_directory","label":"save_matrix_directory","help":"Directory where to save matrices passed to XGBoost library. Useful for debugging.","required":false,"type":"string","default_value":null,"actual_value":null,"level":"expert","values":[],"is_member_of_frames":[],"is_mutually_exclusive_with":[],"gridable":false},{"__meta":{"schema_version":3,"schema_name":"ModelParameterSchemaV3","schema_type":"Iced"},"name":"build_tree_one_node","label":"build_tree_one_node","help":"Run on one node only; no network overhead but fewer cpus used. Suitable for small datasets.","required":false,"type":"boolean","default_value":false,"actual_value":false,"level":"expert","values":[],"is_member_of_frames":[],"is_mutually_exclusive_with":[],"gridable":false},{"__meta":{"schema_version":3,"schema_name":"ModelParameterSchemaV3","schema_type":"Iced"},"name":"calibrate_model","label":"calibrate_model","help":"Use Platt Scaling to calculate calibrated class probabilities. Calibration can provide more accurate estimates of class probabilities.","required":false,"type":"boolean","default_value":false,"actual_value":false,"level":"expert","values":[],"is_member_of_frames":[],"is_mutually_exclusive_with":[],"gridable":false},{"__meta":{"schema_version":3,"schema_name":"ModelParameterSchemaV3","schema_type":"Iced"},"name":"calibration_frame","label":"calibration_frame","help":"Calibration frame for Platt Scaling","required":false,"type":"Key<Frame>","default_value":null,"actual_value":null,"level":"expert","values":[],"is_member_of_frames":[],"is_mutually_exclusive_with":[],"gridable":false},{"__meta":{"schema_version":3,"schema_name":"ModelParameterSchemaV3","schema_type":"Iced"},"name":"max_bins","label":"max_bins","help":"For tree_method=hist only: maximum number of bins","required":false,"type":"int","default_value":256,"actual_value":256,"level":"expert","values":[],"is_member_of_frames":[],"is_mutually_exclusive_with":[],"gridable":true},{"__meta":{"schema_version":3,"schema_name":"ModelParameterSchemaV3","schema_type":"Iced"},"name":"max_leaves","label":"max_leaves","help":"For tree_method=hist only: maximum number of leaves","required":false,"type":"int","default_value":0,"actual_value":0,"level":"secondary","values":[],"is_member_of_frames":[],"is_mutually_exclusive_with":[],"gridable":true},{"__meta":{"schema_version":3,"schema_name":"ModelParameterSchemaV3","schema_type":"Iced"},"name":"min_sum_hessian_in_leaf","label":"min_sum_hessian_in_leaf","help":"For tree_method=hist only: the mininum sum of hessian in a leaf to keep splitting","required":false,"type":"float","default_value":100.0,"actual_value":100.0,"level":"expert","values":[],"is_member_of_frames":[],"is_mutually_exclusive_with":[],"gridable":true},{"__meta":{"schema_version":3,"schema_name":"ModelParameterSchemaV3","schema_type":"Iced"},"name":"min_data_in_leaf","label":"min_data_in_leaf","help":"For tree_method=hist only: the mininum data in a leaf to keep splitting","required":false,"type":"float","default_value":0.0,"actual_value":0.0,"level":"expert","values":[],"is_member_of_frames":[],"is_mutually_exclusive_with":[],"gridable":true},{"__meta":{"schema_version":3,"schema_name":"ModelParameterSchemaV3","schema_type":"Iced"},"name":"sample_type","label":"sample_type","help":"For booster=dart only: sample_type","required":false,"type":"enum","default_value":"uniform","actual_value":"uniform","level":"expert","values":["uniform","weighted"],"is_member_of_frames":[],"is_mutually_exclusive_with":[],"gridable":true},{"__meta":{"schema_version":3,"schema_name":"ModelParameterSchemaV3","schema_type":"Iced"},"name":"normalize_type","label":"normalize_type","help":"For booster=dart only: normalize_type","required":false,"type":"enum","default_value":"tree","actual_value":"tree","level":"expert","values":["tree","forest"],"is_member_of_frames":[],"is_mutually_exclusive_with":[],"gridable":true},{"__meta":{"schema_version":3,"schema_name":"ModelParameterSchemaV3","schema_type":"Iced"},"name":"rate_drop","label":"rate_drop","help":"For booster=dart only: rate_drop (0..1)","required":false,"type":"float","default_value":0.0,"actual_value":0.0,"level":"expert","values":[],"is_member_of_frames":[],"is_mutually_exclusive_with":[],"gridable":true},{"__meta":{"schema_version":3,"schema_name":"ModelParameterSchemaV3","schema_type":"Iced"},"name":"one_drop","label":"one_drop","help":"For booster=dart only: one_drop","required":false,"type":"boolean","default_value":false,"actual_value":false,"level":"expert","values":[],"is_member_of_frames":[],"is_mutually_exclusive_with":[],"gridable":true},{"__meta":{"schema_version":3,"schema_name":"ModelParameterSchemaV3","schema_type":"Iced"},"name":"skip_drop","label":"skip_drop","help":"For booster=dart only: skip_drop (0..1)","required":false,"type":"float","default_value":0.0,"actual_value":0.0,"level":"expert","values":[],"is_member_of_frames":[],"is_mutually_exclusive_with":[],"gridable":true},{"__meta":{"schema_version":3,"schema_name":"ModelParameterSchemaV3","schema_type":"Iced"},"name":"tree_method","label":"tree_method","help":"Tree method","required":false,"type":"enum","default_value":"auto","actual_value":"auto","level":"secondary","values":["auto","exact","approx","hist"],"is_member_of_frames":[],"is_mutually_exclusive_with":[],"gridable":true},{"__meta":{"schema_version":3,"schema_name":"ModelParameterSchemaV3","schema_type":"Iced"},"name":"grow_policy","label":"grow_policy","help":"Grow policy - depthwise is standard GBM, lossguide is LightGBM","required":false,"type":"enum","default_value":"depthwise","actual_value":"depthwise","level":"secondary","values":["depthwise","lossguide"],"is_member_of_frames":[],"is_mutually_exclusive_with":[],"gridable":true},{"__meta":{"schema_version":3,"schema_name":"ModelParameterSchemaV3","schema_type":"Iced"},"name":"booster","label":"booster","help":"Booster type","required":false,"type":"enum","default_value":"gbtree","actual_value":"gbtree","level":"expert","values":["gbtree","gblinear","dart"],"is_member_of_frames":[],"is_mutually_exclusive_with":[],"gridable":true},{"__meta":{"schema_version":3,"schema_name":"ModelParameterSchemaV3","schema_type":"Iced"},"name":"reg_lambda","label":"reg_lambda","help":"L2 regularization","required":false,"type":"float","default_value":1.0,"actual_value":1.0,"level":"expert","values":[],"is_member_of_frames":[],"is_mutually_exclusive_with":[],"gridable":true},{"__meta":{"schema_version":3,"schema_name":"ModelParameterSchemaV3","schema_type":"Iced"},"name":"reg_alpha","label":"reg_alpha","help":"L1 regularization","required":false,"type":"float","default_value":0.0,"actual_value":0.0,"level":"expert","values":[],"is_member_of_frames":[],"is_mutually_exclusive_with":[],"gridable":true},{"__meta":{"schema_version":3,"schema_name":"ModelParameterSchemaV3","schema_type":"Iced"},"name":"dmatrix_type","label":"dmatrix_type","help":"Type of DMatrix. For sparse, NAs and 0 are treated equally.","required":false,"type":"enum","default_value":"auto","actual_value":"auto","level":"secondary","values":["auto","dense","sparse"],"is_member_of_frames":[],"is_mutually_exclusive_with":[],"gridable":true},{"__meta":{"schema_version":3,"schema_name":"ModelParameterSchemaV3","schema_type":"Iced"},"name":"backend","label":"backend","help":"Backend. By default (auto), a GPU is used if available.","required":false,"type":"enum","default_value":"auto","actual_value":"auto","level":"expert","values":["auto","gpu","cpu"],"is_member_of_frames":[],"is_mutually_exclusive_with":[],"gridable":true},{"__meta":{"schema_version":3,"schema_name":"ModelParameterSchemaV3","schema_type":"Iced"},"name":"gpu_id","label":"gpu_id","help":"Which GPU to use. ","required":false,"type":"int","default_value":0,"actual_value":0,"level":"expert","values":[],"is_member_of_frames":[],"is_mutually_exclusive_with":[],"gridable":false}],"output":{"__meta":{"schema_version":3,"schema_name":"XGBoostModelOutputV3","schema_type":"XGBoostOutput"},"names":["Weekday_Name","tz","Date","Time","Month","day","hours","Day_of_Week","weekend","electric_power"],"original_names":null,"column_types":["Enum","Time","Time","Time","Numeric","Numeric","Numeric","Numeric","Numeric","Numeric"],"domains":[["Friday","Monday","Saturday","Sunday","Thursday","Tuesday","Wednesday"],null,null,null,null,null,null,null,null,null],"cross_validation_models":null,"cross_validation_predictions":[{"__meta":{"schema_version":3,"schema_name":"FrameKeyV3","schema_type":"Key<Frame>"},"name":"prediction_XGBoost_3_AutoML_20201117_112500_cv_1","type":"Key<Frame>","URL":"/3/Frames/prediction_XGBoost_3_AutoML_20201117_112500_cv_1"},{"__meta":{"schema_version":3,"schema_name":"FrameKeyV3","schema_type":"Key<Frame>"},"name":"prediction_XGBoost_3_AutoML_20201117_112500_cv_2","type":"Key<Frame>","URL":"/3/Frames/prediction_XGBoost_3_AutoML_20201117_112500_cv_2"},{"__meta":{"schema_version":3,"schema_name":"FrameKeyV3","schema_type":"Key<Frame>"},"name":"prediction_XGBoost_3_AutoML_20201117_112500_cv_3","type":"Key<Frame>","URL":"/3/Frames/prediction_XGBoost_3_AutoML_20201117_112500_cv_3"},{"__meta":{"schema_version":3,"schema_name":"FrameKeyV3","schema_type":"Key<Frame>"},"name":"prediction_XGBoost_3_AutoML_20201117_112500_cv_4","type":"Key<Frame>","URL":"/3/Frames/prediction_XGBoost_3_AutoML_20201117_112500_cv_4"},{"__meta":{"schema_version":3,"schema_name":"FrameKeyV3","schema_type":"Key<Frame>"},"name":"prediction_XGBoost_3_AutoML_20201117_112500_cv_5","type":"Key<Frame>","URL":"/3/Frames/prediction_XGBoost_3_AutoML_20201117_112500_cv_5"}],"cross_validation_holdout_predictions_frame_id":{"__meta":{"schema_version":3,"schema_name":"FrameKeyV3","schema_type":"Key<Frame>"},"name":"cv_holdout_prediction_XGBoost_3_AutoML_20201117_112500","type":"Key<Frame>","URL":"/3/Frames/cv_holdout_prediction_XGBoost_3_AutoML_20201117_112500"},"cross_validation_fold_assignment_frame_id":null,"model_category":"Regression","model_summary":{"__meta":{"schema_version":3,"schema_name":"TwoDimTableV3","schema_type":"TwoDimTable"},"name":"Model Summary","description":"","columns":[{"__meta":{"schema_version":-1,"schema_name":"ColumnSpecsBase","schema_type":"Iced"},"name":"","type":"string","format":"%s","description":""},{"__meta":{"schema_version":-1,"schema_name":"ColumnSpecsBase","schema_type":"Iced"},"name":"number_of_trees","type":"long","format":"%d","description":"Number of Trees"}],"rowcount":1,"data":[[""],[7]]},"scoring_history":{"__meta":{"schema_version":3,"schema_name":"TwoDimTableV3","schema_type":"TwoDimTable"},"name":"Scoring History","description":"","columns":[{"__meta":{"schema_version":-1,"schema_name":"ColumnSpecsBase","schema_type":"Iced"},"name":"","type":"string","format":"%s","description":""},{"__meta":{"schema_version":-1,"schema_name":"ColumnSpecsBase","schema_type":"Iced"},"name":"timestamp","type":"string","format":"%s","description":"Timestamp"},{"__meta":{"schema_version":-1,"schema_name":"ColumnSpecsBase","schema_type":"Iced"},"name":"duration","type":"string","format":"%s","description":"Duration"},{"__meta":{"schema_version":-1,"schema_name":"ColumnSpecsBase","schema_type":"Iced"},"name":"number_of_trees","type":"long","format":"%d","description":"Number of Trees"},{"__meta":{"schema_version":-1,"schema_name":"ColumnSpecsBase","schema_type":"Iced"},"name":"training_rmse","type":"double","format":"%.5f","description":"Training RMSE"},{"__meta":{"schema_version":-1,"schema_name":"ColumnSpecsBase","schema_type":"Iced"},"name":"training_mae","type":"double","format":"%.5f","description":"Training MAE"},{"__meta":{"schema_version":-1,"schema_name":"ColumnSpecsBase","schema_type":"Iced"},"name":"training_deviance","type":"double","format":"%.5f","description":"Training Deviance"}],"rowcount":3,"data":[["","",""],["2020-11-17 11:25:13","2020-11-17 11:25:13","2020-11-17 11:25:13"],[" 2.956 sec"," 3.244 sec"," 3.366 sec"],[0,5,7],[0.2632716322874259,0.11459704766830613,0.09967732118364354],[0.23482051814650637,0.08834875228966156,0.07329228752797383],[0.06931195236728559,0.013132483334292027,0.009935568358347234]]},"training_metrics":{"__meta":{"schema_version":3,"schema_name":"ModelMetricsRegressionV3","schema_type":"ModelMetricsRegression"},"model":{"__meta":{"schema_version":3,"schema_name":"ModelKeyV3","schema_type":"Key<Model>"},"name":"XGBoost_3_AutoML_20201117_112500","type":"Key<Model>","URL":"/3/Models/XGBoost_3_AutoML_20201117_112500"},"model_checksum":1267275043041732776,"frame":{"__meta":{"schema_version":3,"schema_name":"FrameKeyV3","schema_type":"Key<Frame>"},"name":"automl_training_py_3_sid_ba8c","type":"Key<Frame>","URL":"/3/Frames/automl_training_py_3_sid_ba8c"},"frame_checksum":-2819251631010290170,"description":null,"model_category":"Regression","scoring_time":1605608713998,"predictions":null,"MSE":0.009935568358347234,"RMSE":0.09967732118364354,"nobs":2947,"custom_metric_name":null,"custom_metric_value":0.0,"r2":0.7947321105745134,"mean_residual_deviance":0.009935568358347234,"mae":0.07329228752797383,"rmsle":0.07157077179394561},"validation_metrics":null,"cross_validation_metrics":{"__meta":{"schema_version":3,"schema_name":"ModelMetricsRegressionV3","schema_type":"ModelMetricsRegression"},"model":{"__meta":{"schema_version":3,"schema_name":"ModelKeyV3","schema_type":"Key<Model>"},"name":"XGBoost_3_AutoML_20201117_112500","type":"Key<Model>","URL":"/3/Models/XGBoost_3_AutoML_20201117_112500"},"model_checksum":1267275043041732776,"frame":{"__meta":{"schema_version":3,"schema_name":"FrameKeyV3","schema_type":"Key<Frame>"},"name":"automl_training_py_3_sid_ba8c","type":"Key<Frame>","URL":"/3/Frames/automl_training_py_3_sid_ba8c"},"frame_checksum":-2819251631010290170,"description":"5-fold cross-validation on training data (Metrics computed for combined holdout predictions)","model_category":"Regression","scoring_time":1605608714147,"predictions":null,"MSE":0.012083181925129196,"RMSE":0.10992352762320355,"nobs":2947,"custom_metric_name":null,"custom_metric_value":0.0,"r2":0.7503626202489293,"mean_residual_deviance":0.012083181925129196,"mae":0.0845496326635652,"rmsle":0.07977870247113666},"cross_validation_metrics_summary":{"__meta":{"schema_version":3,"schema_name":"TwoDimTableV3","schema_type":"TwoDimTable"},"name":"Cross-Validation Metrics Summary","description":"","columns":[{"__meta":{"schema_version":-1,"schema_name":"ColumnSpecsBase","schema_type":"Iced"},"name":"","type":"string","format":"%s","description":""},{"__meta":{"schema_version":-1,"schema_name":"ColumnSpecsBase","schema_type":"Iced"},"name":"mean","type":"string","format":"%s","description":"mean"},{"__meta":{"schema_version":-1,"schema_name":"ColumnSpecsBase","schema_type":"Iced"},"name":"sd","type":"string","format":"%s","description":"sd"},{"__meta":{"schema_version":-1,"schema_name":"ColumnSpecsBase","schema_type":"Iced"},"name":"cv_1_valid","type":"string","format":"%s","description":"cv_1_valid"},{"__meta":{"schema_version":-1,"schema_name":"ColumnSpecsBase","schema_type":"Iced"},"name":"cv_2_valid","type":"string","format":"%s","description":"cv_2_valid"},{"__meta":{"schema_version":-1,"schema_name":"ColumnSpecsBase","schema_type":"Iced"},"name":"cv_3_valid","type":"string","format":"%s","description":"cv_3_valid"},{"__meta":{"schema_version":-1,"schema_name":"ColumnSpecsBase","schema_type":"Iced"},"name":"cv_4_valid","type":"string","format":"%s","description":"cv_4_valid"},{"__meta":{"schema_version":-1,"schema_name":"ColumnSpecsBase","schema_type":"Iced"},"name":"cv_5_valid","type":"string","format":"%s","description":"cv_5_valid"}],"rowcount":7,"data":[["mae","mean_residual_deviance","mse","r2","residual_deviance","rmse","rmsle"],["0.084552325","0.0120837735","0.0120837735","0.750046","0.0120837735","0.10838614","0.078503564"],["0.02088355","0.0044725295","0.0044725295","0.09330945","0.0044725295","0.020500574","0.015897065"],["0.08412061","0.012081579","0.012081579","0.76015335","0.012081579","0.10991624","0.07967155"],["0.07704739","0.010342634","0.010342634","0.77794576","0.010342634","0.10169874","0.07332298"],["0.11530322","0.018752491","0.018752491","0.6094291","0.018752491","0.13693973","0.100764215"],["0.088671274","0.012813339","0.012813339","0.7346106","0.012813339","0.11319602","0.08204112"],["0.05761913","0.0064288243","0.0064288243","0.8680913","0.0064288243","0.08017995","0.056717947"]]},"status":null,"start_time":1605608713579,"end_time":1605608714127,"run_time":548,"default_threshold":0.5,"help":{"domains":"Domains for categorical columns", "__meta":"Metadata on this schema instance, to make it self-describing.", "help":"Help information for output fields", "training_metrics":"Training data model metrics", "cross_validation_models":"Cross-validation models (model ids)", "cross_validation_predictions":"Cross-validation predictions, one per cv model (deprecated, use cross_validation_holdout_predictions_frame_id instead)", "cross_validation_metrics_summary":"Cross-validation model metrics summary", "variable_importances_frequency":"Variable Importances - Frequency", "status":"Job status", "variable_importances":"Variable Importances", "model_summary":"Model summary", "variable_importances_cover":"Variable Importances - Cover", "end_time":"End time in milliseconds", "names":"Column names", "cross_validation_fold_assignment_frame_id":"Cross-validation fold assignment (each row is assigned to one holdout fold)", "sparse":"Sparse", "run_time":"Runtime in milliseconds", "default_threshold":"Default threshold used for predictions", "scoring_history":"Scoring history", "cross_validation_holdout_predictions_frame_id":"Cross-validation holdout predictions (full out-of-sample predictions on training data)", "model_category":"Category of the model (e.g., Binomial)", "native_parameters":"XGBoost Native Parameters", "column_types":"Column types", "original_names":"Original column names", "start_time":"Start time in milliseconds", "cross_validation_metrics":"Cross-validation model metrics", "validation_metrics":"Validation data model metrics"},"variable_importances":{"__meta":{"schema_version":3,"schema_name":"TwoDimTableV3","schema_type":"TwoDimTable"},"name":"Variable Importances","description":"","columns":[{"__meta":{"schema_version":-1,"schema_name":"ColumnSpecsBase","schema_type":"Iced"},"name":"variable","type":"string","format":"%s","description":"Variable"},{"__meta":{"schema_version":-1,"schema_name":"ColumnSpecsBase","schema_type":"Iced"},"name":"relative_importance","type":"double","format":"%5f","description":"Relative Importance"},{"__meta":{"schema_version":-1,"schema_name":"ColumnSpecsBase","schema_type":"Iced"},"name":"scaled_importance","type":"double","format":"%5f","description":"Scaled Importance"},{"__meta":{"schema_version":-1,"schema_name":"ColumnSpecsBase","schema_type":"Iced"},"name":"percentage","type":"double","format":"%5f","description":"Percentage"}],"rowcount":14,"data":[["Time","hours","Day_of_Week","weekend","Date","tz","day","Month","Weekday_Name.Tuesday","Weekday_Name.Friday","Weekday_Name.Thursday","Weekday_Name.Monday","Weekday_Name.Wednesday","Weekday_Name.Saturday"],[56.19715118408203,44.91776657104492,26.41498374938965,19.07353401184082,10.100299835205078,9.462896347045898,5.188792705535889,2.307631015777588,1.6812937259674072,1.4549919366836548,1.2906737327575684,1.1192796230316162,0.08155639469623566,0.02241414785385132],[1.0,0.7992890319993299,0.47004133114974966,0.33940393080358566,0.1797297482593034,0.16838747423421502,0.09233195270947517,0.041063131620651075,0.029917775021372214,0.025890848664509965,0.022966888989261695,0.019917017134289446,0.0014512549653822432,3.9884847152537114E-4],[0.31340208539543457,0.2504988494622882,0.14731193340437757,0.10636989970525151,0.05632767791206216,0.052772985579472985,0.028937026527782163,0.012869271082779257,0.009376293082089492,0.008114245964115025,0.007197870904280059,0.006242034704742914,4.548263325912742E-4,1.2499994273283292E-4]]},"variable_importances_cover":{"__meta":{"schema_version":3,"schema_name":"TwoDimTableV3","schema_type":"TwoDimTable"},"name":"Variable Importances - Cover","description":"","columns":[{"__meta":{"schema_version":-1,"schema_name":"ColumnSpecsBase","schema_type":"Iced"},"name":"variable","type":"string","format":"%s","description":"Variable"},{"__meta":{"schema_version":-1,"schema_name":"ColumnSpecsBase","schema_type":"Iced"},"name":"relative_importance","type":"double","format":"%5f","description":"Relative Importance"},{"__meta":{"schema_version":-1,"schema_name":"ColumnSpecsBase","schema_type":"Iced"},"name":"scaled_importance","type":"double","format":"%5f","description":"Scaled Importance"},{"__meta":{"schema_version":-1,"schema_name":"ColumnSpecsBase","schema_type":"Iced"},"name":"percentage","type":"double","format":"%5f","description":"Percentage"}],"rowcount":14,"data":[["hours","Time","weekend","tz","Date","day","Day_of_Week","Month","Weekday_Name.Friday","Weekday_Name.Thursday","Weekday_Name.Tuesday","Weekday_Name.Monday","Weekday_Name.Saturday","Weekday_Name.Wednesday"],[18612.0,14032.0,9449.0,9358.0,7622.0,6208.0,5662.0,3340.0,2682.0,1617.0,1461.0,1419.0,125.0,75.0],[1.0,0.7539222007307114,0.5076832151300237,0.5027938964109177,0.40952073930797334,0.3335482484418655,0.30421233612722975,0.1794541156243284,0.14410058027079303,0.08687943262411348,0.07849774339136041,0.07624113475177305,0.0067160971416290564,0.004029658284977434],[0.2279150645342999,0.1718302270333815,0.11570865273934021,0.11459430334794642,0.09333594572751096,0.07602067056893047,0.0693345742205677,0.04090029634346452,0.03284269305184786,0.019801131493228184,0.017890818250838825,0.01737650314711861,0.0015306997134530136,9.184198280718081E-4]]},"variable_importances_frequency":{"__meta":{"schema_version":3,"schema_name":"TwoDimTableV3","schema_type":"TwoDimTable"},"name":"Variable Importances - Frequency","description":"","columns":[{"__meta":{"schema_version":-1,"schema_name":"ColumnSpecsBase","schema_type":"Iced"},"name":"variable","type":"string","format":"%s","description":"Variable"},{"__meta":{"schema_version":-1,"schema_name":"ColumnSpecsBase","schema_type":"Iced"},"name":"relative_importance","type":"double","format":"%5f","description":"Relative Importance"},{"__meta":{"schema_version":-1,"schema_name":"ColumnSpecsBase","schema_type":"Iced"},"name":"scaled_importance","type":"double","format":"%5f","description":"Scaled Importance"},{"__meta":{"schema_version":-1,"schema_name":"ColumnSpecsBase","schema_type":"Iced"},"name":"percentage","type":"double","format":"%5f","description":"Percentage"}],"rowcount":14,"data":[["hours","Date","tz","day","Time","Weekday_Name.Friday","Weekday_Name.Tuesday","Month","Day_of_Week","Weekday_Name.Monday","weekend","Weekday_Name.Thursday","Weekday_Name.Wednesday","Weekday_Name.Saturday"],[42.0,29.0,28.0,28.0,23.0,8.0,7.0,6.0,5.0,4.0,4.0,4.0,2.0,1.0],[1.0,0.6904761904761905,0.6666666666666666,0.6666666666666666,0.5476190476190477,0.19047619047619047,0.16666666666666666,0.14285714285714285,0.11904761904761904,0.09523809523809523,0.09523809523809523,0.09523809523809523,0.047619047619047616,0.023809523809523808],[0.2198952879581152,0.1518324607329843,0.14659685863874344,0.14659685863874344,0.12041884816753927,0.041884816753926704,0.03664921465968586,0.031413612565445025,0.02617801047120419,0.020942408376963352,0.020942408376963352,0.020942408376963352,0.010471204188481676,0.005235602094240838]]},"native_parameters":{"__meta":{"schema_version":3,"schema_name":"TwoDimTableV3","schema_type":"TwoDimTable"},"name":"Native XGBoost Parameters","description":"","columns":[{"__meta":{"schema_version":-1,"schema_name":"ColumnSpecsBase","schema_type":"Iced"},"name":"","type":"string","format":"%s","description":""},{"__meta":{"schema_version":-1,"schema_name":"ColumnSpecsBase","schema_type":"Iced"},"name":"name","type":"string","format":"%s","description":"Name"},{"__meta":{"schema_version":-1,"schema_name":"ColumnSpecsBase","schema_type":"Iced"},"name":"value","type":"string","format":"%s","description":"Value"}],"rowcount":18,"data":[["","","","","","","","","","","","","","","","","",""],["silent","eta","colsample_bylevel","objective","min_child_weight","nthread","seed","max_depth","colsample_bytree","lambda","gamma","alpha","booster","grow_policy","nround","subsample","max_delta_step","tree_method"],[true,0.3,0.8,"reg:squarederror",3.0,4,3,5,0.8,1.0,0.0,0.0,"gbtree","depthwise",7,0.8,0.0,"auto"]]},"sparse":false},"compatible_frames":null}
