{"__meta":{"schema_version":99,"schema_name":"StackedEnsembleModelV99","schema_type":"StackedEnsembleModel"},"model_id":{"__meta":{"schema_version":3,"schema_name":"ModelKeyV3","schema_type":"Key<Model>"},"name":"StackedEnsemble_AllModels_AutoML_20201117_112500","type":"Key<Model>","URL":"/3/Models/StackedEnsemble_AllModels_AutoML_20201117_112500"},"algo":"stackedensemble","algo_full_name":"Stacked Ensemble","response_column_name":"electric_power","data_frame":{"__meta":{"schema_version":3,"schema_name":"FrameKeyV3","schema_type":"Key<Frame>"},"name":"automl_training_py_3_sid_ba8c","type":"Key<Frame>","URL":"/3/Frames/automl_training_py_3_sid_ba8c"},"timestamp":1605608767943,"have_pojo":false,"have_mojo":true,"algo":"stackedensemble","algo_full_name":"Stacked Ensemble","model_id":{"__meta":{"schema_version":3,"schema_name":"ModelKeyV3","schema_type":"Key<Model>"},"name":"StackedEnsemble_AllModels_AutoML_20201117_112500","type":"Key<Model>","URL":"/3/Models/StackedEnsemble_AllModels_AutoML_20201117_112500"},"parameters":[{"__meta":{"schema_version":3,"schema_name":"ModelParameterSchemaV3","schema_type":"Iced"},"name":"model_id","label":"model_id","help":"Destination id for this model; auto-generated if not specified.","required":false,"type":"Key<Model>","default_value":null,"actual_value":{"__meta":{"schema_version":3,"schema_name":"ModelKeyV3","schema_type":"Key<Model>"},"name":"StackedEnsemble_AllModels_AutoML_20201117_112500","type":"Key<Model>","URL":"/3/Models/StackedEnsemble_AllModels_AutoML_20201117_112500"},"level":"critical","values":[],"is_member_of_frames":[],"is_mutually_exclusive_with":[],"gridable":false},{"__meta":{"schema_version":3,"schema_name":"ModelParameterSchemaV3","schema_type":"Iced"},"name":"training_frame","label":"training_frame","help":"Id of the training data frame.","required":false,"type":"Key<Frame>","default_value":null,"actual_value":{"__meta":{"schema_version":3,"schema_name":"FrameKeyV3","schema_type":"Key<Frame>"},"name":"automl_training_py_3_sid_ba8c","type":"Key<Frame>","URL":"/3/Frames/automl_training_py_3_sid_ba8c"},"level":"critical","values":[],"is_member_of_frames":[],"is_mutually_exclusive_with":[],"gridable":false},{"__meta":{"schema_version":3,"schema_name":"ModelParameterSchemaV3","schema_type":"Iced"},"name":"response_column","label":"response_column","help":"Response variable column.","required":false,"type":"VecSpecifier","default_value":null,"actual_value":{"__meta":{"schema_version":3,"schema_name":"ColSpecifierV3","schema_type":"VecSpecifier"},"column_name":"electric_power","is_member_of_frames":null},"level":"critical","values":[],"is_member_of_frames":["training_frame","validation_frame"],"is_mutually_exclusive_with":["ignored_columns","metalearner_fold_column"],"gridable":true},{"__meta":{"schema_version":3,"schema_name":"ModelParameterSchemaV3","schema_type":"Iced"},"name":"validation_frame","label":"validation_frame","help":"Id of the validation data frame.","required":false,"type":"Key<Frame>","default_value":null,"actual_value":null,"level":"critical","values":[],"is_member_of_frames":[],"is_mutually_exclusive_with":[],"gridable":true},{"__meta":{"schema_version":3,"schema_name":"ModelParameterSchemaV3","schema_type":"Iced"},"name":"blending_frame","label":"blending_frame","help":"Frame used to compute the predictions that serve as the training frame for the metalearner (triggers blending mode if provided)","required":false,"type":"Key<Frame>","default_value":null,"actual_value":null,"level":"critical","values":[],"is_member_of_frames":[],"is_mutually_exclusive_with":[],"gridable":false},{"__meta":{"schema_version":3,"schema_name":"ModelParameterSchemaV3","schema_type":"Iced"},"name":"base_models","label":"base_models","help":"List of models or grids (or their ids) to ensemble/stack together. Grids are expanded to individual models. If not using blending frame, then models must have been cross-validated using nfolds > 1, and folds must be identical across models.","required":true,"type":"Key<Keyed>[]","default_value":[],"actual_value":[{"__meta":{"schema_version":3,"schema_name":"KeyV3","schema_type":"Key<Keyed>"},"name":"DRF_1_AutoML_20201117_112500","type":"Key<Keyed>","URL":null},{"__meta":{"schema_version":3,"schema_name":"KeyV3","schema_type":"Key<Keyed>"},"name":"XGBoost_3_AutoML_20201117_112500","type":"Key<Keyed>","URL":null},{"__meta":{"schema_version":3,"schema_name":"KeyV3","schema_type":"Key<Keyed>"},"name":"XGBoost_2_AutoML_20201117_112500","type":"Key<Keyed>","URL":null},{"__meta":{"schema_version":3,"schema_name":"KeyV3","schema_type":"Key<Keyed>"},"name":"XGBoost_1_AutoML_20201117_112500","type":"Key<Keyed>","URL":null},{"__meta":{"schema_version":3,"schema_name":"KeyV3","schema_type":"Key<Keyed>"},"name":"GLM_1_AutoML_20201117_112500","type":"Key<Keyed>","URL":null},{"__meta":{"schema_version":3,"schema_name":"KeyV3","schema_type":"Key<Keyed>"},"name":"GBM_4_AutoML_20201117_112500","type":"Key<Keyed>","URL":null},{"__meta":{"schema_version":3,"schema_name":"KeyV3","schema_type":"Key<Keyed>"},"name":"GBM_3_AutoML_20201117_112500","type":"Key<Keyed>","URL":null},{"__meta":{"schema_version":3,"schema_name":"KeyV3","schema_type":"Key<Keyed>"},"name":"GBM_2_AutoML_20201117_112500","type":"Key<Keyed>","URL":null},{"__meta":{"schema_version":3,"schema_name":"KeyV3","schema_type":"Key<Keyed>"},"name":"GBM_1_AutoML_20201117_112500","type":"Key<Keyed>","URL":null},{"__meta":{"schema_version":3,"schema_name":"KeyV3","schema_type":"Key<Keyed>"},"name":"GBM_5_AutoML_20201117_112500","type":"Key<Keyed>","URL":null}],"level":"critical","values":[],"is_member_of_frames":[],"is_mutually_exclusive_with":[],"gridable":false},{"__meta":{"schema_version":3,"schema_name":"ModelParameterSchemaV3","schema_type":"Iced"},"name":"metalearner_algorithm","label":"metalearner_algorithm","help":"Type of algorithm to use as the metalearner. Options include 'AUTO' (GLM with non negative weights; if validation_frame is present, a lambda search is performed), 'deeplearning' (Deep Learning with default parameters), 'drf' (Random Forest with default parameters), 'gbm' (GBM with default parameters), 'glm' (GLM with default parameters), 'naivebayes' (NaiveBayes with default parameters), or 'xgboost' (if available, XGBoost with default parameters).","required":false,"type":"enum","default_value":"AUTO","actual_value":"AUTO","level":"critical","values":["AUTO","deeplearning","drf","gbm","glm","naivebayes","xgboost"],"is_member_of_frames":[],"is_mutually_exclusive_with":[],"gridable":false},{"__meta":{"schema_version":3,"schema_name":"ModelParameterSchemaV3","schema_type":"Iced"},"name":"metalearner_nfolds","label":"metalearner_nfolds","help":"Number of folds for K-fold cross-validation of the metalearner algorithm (0 to disable or >= 2).","required":false,"type":"int","default_value":0,"actual_value":5,"level":"critical","values":[],"is_member_of_frames":[],"is_mutually_exclusive_with":[],"gridable":false},{"__meta":{"schema_version":3,"schema_name":"ModelParameterSchemaV3","schema_type":"Iced"},"name":"metalearner_fold_assignment","label":"metalearner_fold_assignment","help":"Cross-validation fold assignment scheme for metalearner cross-validation.  Defaults to AUTO (which is currently set to Random). The 'Stratified' option will stratify the folds based on the response variable, for classification problems.","required":false,"type":"enum","default_value":null,"actual_value":null,"level":"secondary","values":["AUTO","Random","Modulo","Stratified"],"is_member_of_frames":[],"is_mutually_exclusive_with":[],"gridable":false},{"__meta":{"schema_version":3,"schema_name":"ModelParameterSchemaV3","schema_type":"Iced"},"name":"metalearner_fold_column","label":"metalearner_fold_column","help":"Column with cross-validation fold index assignment per observation for cross-validation of the metalearner.","required":false,"type":"VecSpecifier","default_value":null,"actual_value":null,"level":"secondary","values":[],"is_member_of_frames":["training_frame"],"is_mutually_exclusive_with":["response_column","ignored_columns"],"gridable":false},{"__meta":{"schema_version":3,"schema_name":"ModelParameterSchemaV3","schema_type":"Iced"},"name":"metalearner_params","label":"metalearner_params","help":"Parameters for metalearner algorithm","required":false,"type":"string","default_value":"","actual_value":"","level":"critical","values":[],"is_member_of_frames":[],"is_mutually_exclusive_with":[],"gridable":false},{"__meta":{"schema_version":3,"schema_name":"ModelParameterSchemaV3","schema_type":"Iced"},"name":"seed","label":"seed","help":"Seed for random numbers; passed through to the metalearner algorithm. Defaults to -1 (time-based random number)","required":false,"type":"long","default_value":-1,"actual_value":13,"level":"critical","values":[],"is_member_of_frames":[],"is_mutually_exclusive_with":[],"gridable":true},{"__meta":{"schema_version":3,"schema_name":"ModelParameterSchemaV3","schema_type":"Iced"},"name":"score_training_samples","label":"score_training_samples","help":"Specify the number of training set samples for scoring. The value must be >= 0. To use all training samples, enter 0.","required":false,"type":"long","default_value":10000,"actual_value":10000,"level":"secondary","values":[],"is_member_of_frames":[],"is_mutually_exclusive_with":[],"gridable":false},{"__meta":{"schema_version":3,"schema_name":"ModelParameterSchemaV3","schema_type":"Iced"},"name":"keep_levelone_frame","label":"keep_levelone_frame","help":"Keep level one frame used for metalearner training.","required":false,"type":"boolean","default_value":false,"actual_value":true,"level":"secondary","values":[],"is_member_of_frames":[],"is_mutually_exclusive_with":[],"gridable":false},{"__meta":{"schema_version":3,"schema_name":"ModelParameterSchemaV3","schema_type":"Iced"},"name":"export_checkpoints_dir","label":"export_checkpoints_dir","help":"Automatically export generated models to this directory.","required":false,"type":"string","default_value":null,"actual_value":null,"level":"secondary","values":[],"is_member_of_frames":[],"is_mutually_exclusive_with":[],"gridable":false}],"output":{"__meta":{"schema_version":99,"schema_name":"StackedEnsembleModelOutputV99","schema_type":"StackedEnsembleOutput"},"names":["tz","Date","Time","Month","day","hours","Weekday_Name","Day_of_Week","weekend","electric_power"],"original_names":null,"column_types":["Time","Time","Time","Numeric","Numeric","Numeric","Enum","Numeric","Numeric","Numeric"],"domains":[null,null,null,null,null,null,["Friday","Monday","Saturday","Sunday","Thursday","Tuesday","Wednesday"],null,null,null],"cross_validation_models":null,"cross_validation_predictions":null,"cross_validation_holdout_predictions_frame_id":null,"cross_validation_fold_assignment_frame_id":null,"model_category":"Regression","model_summary":null,"scoring_history":null,"training_metrics":{"__meta":{"schema_version":3,"schema_name":"ModelMetricsRegressionGLMV3","schema_type":"ModelMetricsRegressionGLM"},"model":{"__meta":{"schema_version":3,"schema_name":"ModelKeyV3","schema_type":"Key<Model>"},"name":"StackedEnsemble_AllModels_AutoML_20201117_112500","type":"Key<Model>","URL":"/3/Models/StackedEnsemble_AllModels_AutoML_20201117_112500"},"model_checksum":4121331617795249864,"frame":{"__meta":{"schema_version":3,"schema_name":"FrameKeyV3","schema_type":"Key<Frame>"},"name":"automl_training_py_3_sid_ba8c","type":"Key<Frame>","URL":"/3/Frames/automl_training_py_3_sid_ba8c"},"frame_checksum":-2819251631010290170,"description":null,"model_category":"Regression","scoring_time":1605608767517,"predictions":null,"MSE":0.003076895042067751,"RMSE":0.05546976691917635,"nobs":2947,"custom_metric_name":null,"custom_metric_value":0.0,"r2":0.9364316435165628,"mean_residual_deviance":0.003076895042067751,"mae":0.03510462734273168,"rmsle":0.040604615592711495,"residual_deviance":9.067609688973661,"null_deviance":142.64345014702525,"AIC":-8669.735948823281,"null_degrees_of_freedom":2946,"residual_degrees_of_freedom":2942},"validation_metrics":null,"cross_validation_metrics":{"__meta":{"schema_version":3,"schema_name":"ModelMetricsRegressionGLMV3","schema_type":"ModelMetricsRegressionGLM"},"model":{"__meta":{"schema_version":3,"schema_name":"ModelKeyV3","schema_type":"Key<Model>"},"name":"StackedEnsemble_AllModels_AutoML_20201117_112500","type":"Key<Model>","URL":"/3/Models/StackedEnsemble_AllModels_AutoML_20201117_112500"},"model_checksum":4121331617795249864,"frame":{"__meta":{"schema_version":3,"schema_name":"FrameKeyV3","schema_type":"Key<Frame>"},"name":"levelone_training_StackedEnsemble_AllModels_AutoML_20201117_112500","type":"Key<Frame>","URL":"/3/Frames/levelone_training_StackedEnsemble_AllModels_AutoML_20201117_112500"},"frame_checksum":-7388257684188055852,"description":"5-fold cross-validation on training data (Metrics computed for combined holdout predictions)","model_category":"Regression","scoring_time":1605608767013,"predictions":null,"MSE":0.005919276074901121,"RMSE":0.07693683171863214,"nobs":2947,"custom_metric_name":null,"custom_metric_value":0.0,"r2":0.8777083239731394,"mean_residual_deviance":0.005919276074901121,"mae":0.051887014435630006,"rmsle":0.05579772413210946,"residual_deviance":17.444106592733604,"null_deviance":142.75951955844448,"AIC":-6741.533972440639,"null_degrees_of_freedom":2946,"residual_degrees_of_freedom":2942},"cross_validation_metrics_summary":null,"status":null,"start_time":1605608765645,"end_time":1605608767934,"run_time":2289,"default_threshold":0.5,"help":{"levelone_frame_id":"Level one frame used for metalearner training.", "domains":"Domains for categorical columns", "__meta":"Metadata on this schema instance, to make it self-describing.", "help":"Help information for output fields", "training_metrics":"Training data model metrics", "cross_validation_models":"Cross-validation models (model ids)", "cross_validation_predictions":"Cross-validation predictions, one per cv model (deprecated, use cross_validation_holdout_predictions_frame_id instead)", "cross_validation_metrics_summary":"Cross-validation model metrics summary", "status":"Job status", "model_summary":"Model summary", "end_time":"End time in milliseconds", "names":"Column names", "stacking_strategy":"The stacking strategy used for training.", "cross_validation_fold_assignment_frame_id":"Cross-validation fold assignment (each row is assigned to one holdout fold)", "metalearner":"Model which combines the base_models into a stacked ensemble.", "run_time":"Runtime in milliseconds", "default_threshold":"Default threshold used for predictions", "scoring_history":"Scoring history", "cross_validation_holdout_predictions_frame_id":"Cross-validation holdout predictions (full out-of-sample predictions on training data)", "model_category":"Category of the model (e.g., Binomial)", "column_types":"Column types", "original_names":"Original column names", "start_time":"Start time in milliseconds", "cross_validation_metrics":"Cross-validation model metrics", "validation_metrics":"Validation data model metrics"},"metalearner":{"__meta":{"schema_version":3,"schema_name":"ModelKeyV3","schema_type":"Key<Model>"},"name":"metalearner_AUTO_StackedEnsemble_AllModels_AutoML_20201117_112500","type":"Key<Model>","URL":"/3/Models/metalearner_AUTO_StackedEnsemble_AllModels_AutoML_20201117_112500"},"levelone_frame_id":{"__meta":{"schema_version":3,"schema_name":"FrameKeyV3","schema_type":"Key<Frame>"},"name":"levelone_training_StackedEnsemble_AllModels_AutoML_20201117_112500","type":"Key<Frame>","URL":"/3/Frames/levelone_training_StackedEnsemble_AllModels_AutoML_20201117_112500"},"stacking_strategy":"cross_validation"},"compatible_frames":null}
